{
    "train": {
        "accuracy": 9.852499202391659,
        "loss": 0.7396642306236075
    },
    "val": {
        "accuracy": 9.456211667546116,
        "loss": 0.846127807488426
    },
    "step": 9
}
