step	accuracy
0	0.3558851674483472
1	1.3234390554509294
2	2.6756328016066693
3	3.001298246877372
4	4.339501229109171
5	5.290819290688313
6	6.530034934390523
7	7.749809166112634
8	8.765648842998555
9	9.852499202391659
