step	loss
0	9.481397518177996
1	8.10144398331788
2	7.296307098467405
3	6.516117394879371
4	5.069308327270427
5	4.173334182050712
6	3.1600470245125836
7	2.3920623267353003
8	1.0651368523041023
9	0.7396642306236075
